image,id
.\Database\cifar10\2\2_2066.jpg,0
.\Database\cifar10\2\2_25.jpg,0
.\Database\cifar10\2\2_35.jpg,0
.\Database\cifar10\2\2_65.jpg,0
.\Database\cifar10\2\2_67.jpg,0
.\Database\cifar10\2\2_70.jpg,0
.\Database\cifar10\2\2_75.jpg,0
.\Database\cifar10\2\2_84.jpg,0
.\Database\cifar10\2\2_86.jpg,0
.\Database\cifar10\2\2_113.jpg,0
.\Database\cifar10\2\2_118.jpg,0
.\Database\cifar10\2\2_123.jpg,0
.\Database\cifar10\2\2_129.jpg,0
.\Database\cifar10\2\2_135.jpg,0
.\Database\cifar10\2\2_138.jpg,0
.\Database\cifar10\2\2_147.jpg,0
.\Database\cifar10\2\2_149.jpg,0
.\Database\cifar10\2\2_156.jpg,0
.\Database\cifar10\2\2_160.jpg,0
.\Database\cifar10\2\2_182.jpg,0
.\Database\cifar10\2\2_183.jpg,0
.\Database\cifar10\2\2_195.jpg,0
.\Database\cifar10\2\2_219.jpg,0
.\Database\cifar10\2\2_248.jpg,0
.\Database\cifar10\2\2_249.jpg,0
.\Database\cifar10\2\2_266.jpg,0
.\Database\cifar10\2\2_270.jpg,0
.\Database\cifar10\2\2_291.jpg,0
.\Database\cifar10\2\2_303.jpg,0
.\Database\cifar10\2\2_307.jpg,0
.\Database\cifar10\2\2_322.jpg,0
.\Database\cifar10\2\2_340.jpg,0
.\Database\cifar10\2\2_342.jpg,0
.\Database\cifar10\2\2_353.jpg,0
.\Database\cifar10\2\2_354.jpg,0
.\Database\cifar10\2\2_357.jpg,0
.\Database\cifar10\2\2_374.jpg,0
.\Database\cifar10\2\2_384.jpg,0
.\Database\cifar10\2\2_387.jpg,0
.\Database\cifar10\2\2_388.jpg,0
.\Database\cifar10\2\2_391.jpg,0
.\Database\cifar10\2\2_393.jpg,0
.\Database\cifar10\2\2_396.jpg,0
.\Database\cifar10\2\2_409.jpg,0
.\Database\cifar10\2\2_424.jpg,0
.\Database\cifar10\2\2_430.jpg,0
.\Database\cifar10\2\2_436.jpg,0
.\Database\cifar10\2\2_448.jpg,0
.\Database\cifar10\2\2_449.jpg,0
.\Database\cifar10\2\2_450.jpg,0
.\Database\cifar10\2\2_497.jpg,0
.\Database\cifar10\2\2_498.jpg,0
.\Database\cifar10\2\2_537.jpg,0
.\Database\cifar10\2\2_548.jpg,0
.\Database\cifar10\2\2_559.jpg,0
.\Database\cifar10\2\2_563.jpg,0
.\Database\cifar10\2\2_564.jpg,0
.\Database\cifar10\2\2_569.jpg,0
.\Database\cifar10\2\2_592.jpg,0
.\Database\cifar10\2\2_603.jpg,0
.\Database\cifar10\2\2_618.jpg,0
.\Database\cifar10\2\2_623.jpg,0
.\Database\cifar10\2\2_630.jpg,0
.\Database\cifar10\2\2_655.jpg,0
.\Database\cifar10\2\2_674.jpg,0
.\Database\cifar10\2\2_691.jpg,0
.\Database\cifar10\2\2_692.jpg,0
.\Database\cifar10\2\2_697.jpg,0
.\Database\cifar10\2\2_701.jpg,0
.\Database\cifar10\2\2_706.jpg,0
.\Database\cifar10\2\2_725.jpg,0
.\Database\cifar10\2\2_731.jpg,0
.\Database\cifar10\2\2_740.jpg,0
.\Database\cifar10\2\2_748.jpg,0
.\Database\cifar10\2\2_751.jpg,0
.\Database\cifar10\2\2_754.jpg,0
.\Database\cifar10\2\2_755.jpg,0
.\Database\cifar10\2\2_758.jpg,0
.\Database\cifar10\2\2_765.jpg,0
.\Database\cifar10\2\2_775.jpg,0
.\Database\cifar10\2\2_776.jpg,0
.\Database\cifar10\2\2_799.jpg,0
.\Database\cifar10\2\2_813.jpg,0
.\Database\cifar10\2\2_821.jpg,0
.\Database\cifar10\2\2_832.jpg,0
.\Database\cifar10\2\2_833.jpg,0
.\Database\cifar10\2\2_837.jpg,0
.\Database\cifar10\2\2_839.jpg,0
.\Database\cifar10\2\2_843.jpg,0
.\Database\cifar10\2\2_846.jpg,0
.\Database\cifar10\2\2_848.jpg,0
.\Database\cifar10\2\2_873.jpg,0
.\Database\cifar10\2\2_877.jpg,0
.\Database\cifar10\2\2_900.jpg,0
.\Database\cifar10\2\2_931.jpg,0
.\Database\cifar10\2\2_933.jpg,0
.\Database\cifar10\2\2_935.jpg,0
.\Database\cifar10\2\2_936.jpg,0
.\Database\cifar10\2\2_972.jpg,0
.\Database\cifar10\2\2_980.jpg,0
.\Database\cifar10\2\2_988.jpg,0
.\Database\cifar10\2\2_1038.jpg,0
.\Database\cifar10\2\2_1039.jpg,0
.\Database\cifar10\2\2_1043.jpg,0
.\Database\cifar10\2\2_1046.jpg,0
.\Database\cifar10\2\2_1051.jpg,0
.\Database\cifar10\2\2_1083.jpg,0
.\Database\cifar10\2\2_1095.jpg,0
.\Database\cifar10\2\2_1099.jpg,0
.\Database\cifar10\2\2_1108.jpg,0
.\Database\cifar10\2\2_1110.jpg,0
.\Database\cifar10\2\2_1126.jpg,0
.\Database\cifar10\2\2_1132.jpg,0
.\Database\cifar10\2\2_1146.jpg,0
.\Database\cifar10\2\2_1148.jpg,0
.\Database\cifar10\2\2_1150.jpg,0
.\Database\cifar10\2\2_1151.jpg,0
.\Database\cifar10\2\2_1172.jpg,0
.\Database\cifar10\2\2_1196.jpg,0
.\Database\cifar10\2\2_1202.jpg,0
.\Database\cifar10\2\2_1240.jpg,0
.\Database\cifar10\2\2_1248.jpg,0
.\Database\cifar10\2\2_1251.jpg,0
.\Database\cifar10\2\2_1254.jpg,0
.\Database\cifar10\2\2_1257.jpg,0
.\Database\cifar10\2\2_1277.jpg,0
.\Database\cifar10\2\2_1278.jpg,0
.\Database\cifar10\2\2_1297.jpg,0
.\Database\cifar10\2\2_1307.jpg,0
.\Database\cifar10\2\2_1321.jpg,0
.\Database\cifar10\2\2_1325.jpg,0
.\Database\cifar10\2\2_1330.jpg,0
.\Database\cifar10\2\2_1348.jpg,0
.\Database\cifar10\2\2_1352.jpg,0
.\Database\cifar10\2\2_1356.jpg,0
.\Database\cifar10\2\2_1367.jpg,0
.\Database\cifar10\2\2_1374.jpg,0
.\Database\cifar10\2\2_1382.jpg,0
.\Database\cifar10\2\2_1392.jpg,0
.\Database\cifar10\2\2_1399.jpg,0
.\Database\cifar10\2\2_1450.jpg,0
.\Database\cifar10\2\2_1451.jpg,0
.\Database\cifar10\2\2_1456.jpg,0
.\Database\cifar10\2\2_1479.jpg,0
.\Database\cifar10\2\2_1481.jpg,0
.\Database\cifar10\2\2_1495.jpg,0
.\Database\cifar10\2\2_1496.jpg,0
.\Database\cifar10\2\2_1501.jpg,0
.\Database\cifar10\2\2_1502.jpg,0
.\Database\cifar10\2\2_1505.jpg,0
.\Database\cifar10\2\2_1507.jpg,0
.\Database\cifar10\2\2_1515.jpg,0
.\Database\cifar10\2\2_1528.jpg,0
.\Database\cifar10\2\2_1539.jpg,0
.\Database\cifar10\2\2_1547.jpg,0
.\Database\cifar10\2\2_1567.jpg,0
.\Database\cifar10\2\2_1575.jpg,0
.\Database\cifar10\2\2_1581.jpg,0
.\Database\cifar10\2\2_1587.jpg,0
.\Database\cifar10\2\2_1610.jpg,0
.\Database\cifar10\3\3_2018.jpg,1
.\Database\cifar10\3\3_0.jpg,1
.\Database\cifar10\3\3_8.jpg,1
.\Database\cifar10\3\3_46.jpg,1
.\Database\cifar10\3\3_53.jpg,1
.\Database\cifar10\3\3_61.jpg,1
.\Database\cifar10\3\3_63.jpg,1
.\Database\cifar10\3\3_68.jpg,1
.\Database\cifar10\3\3_77.jpg,1
.\Database\cifar10\3\3_78.jpg,1
.\Database\cifar10\3\3_91.jpg,1
.\Database\cifar10\3\3_103.jpg,1
.\Database\cifar10\3\3_106.jpg,1
.\Database\cifar10\3\3_115.jpg,1
.\Database\cifar10\3\3_121.jpg,1
.\Database\cifar10\3\3_127.jpg,1
.\Database\cifar10\3\3_143.jpg,1
.\Database\cifar10\3\3_176.jpg,1
.\Database\cifar10\3\3_184.jpg,1
.\Database\cifar10\3\3_187.jpg,1
.\Database\cifar10\3\3_205.jpg,1
.\Database\cifar10\3\3_224.jpg,1
.\Database\cifar10\3\3_245.jpg,1
.\Database\cifar10\3\3_251.jpg,1
.\Database\cifar10\3\3_256.jpg,1
.\Database\cifar10\3\3_271.jpg,1
.\Database\cifar10\3\3_273.jpg,1
.\Database\cifar10\3\3_277.jpg,1
.\Database\cifar10\3\3_279.jpg,1
.\Database\cifar10\3\3_294.jpg,1
.\Database\cifar10\3\3_302.jpg,1
.\Database\cifar10\3\3_320.jpg,1
.\Database\cifar10\3\3_323.jpg,1
.\Database\cifar10\3\3_332.jpg,1
.\Database\cifar10\3\3_336.jpg,1
.\Database\cifar10\3\3_356.jpg,1
.\Database\cifar10\3\3_367.jpg,1
.\Database\cifar10\3\3_397.jpg,1
.\Database\cifar10\3\3_399.jpg,1
.\Database\cifar10\3\3_412.jpg,1
.\Database\cifar10\3\3_418.jpg,1
.\Database\cifar10\3\3_426.jpg,1
.\Database\cifar10\3\3_432.jpg,1
.\Database\cifar10\3\3_434.jpg,1
.\Database\cifar10\3\3_438.jpg,1
.\Database\cifar10\3\3_453.jpg,1
.\Database\cifar10\3\3_456.jpg,1
.\Database\cifar10\3\3_464.jpg,1
.\Database\cifar10\3\3_467.jpg,1
.\Database\cifar10\3\3_470.jpg,1
.\Database\cifar10\3\3_515.jpg,1
.\Database\cifar10\3\3_558.jpg,1
.\Database\cifar10\3\3_565.jpg,1
.\Database\cifar10\3\3_573.jpg,1
.\Database\cifar10\3\3_586.jpg,1
.\Database\cifar10\3\3_597.jpg,1
.\Database\cifar10\3\3_599.jpg,1
.\Database\cifar10\3\3_607.jpg,1
.\Database\cifar10\3\3_608.jpg,1
.\Database\cifar10\3\3_637.jpg,1
.\Database\cifar10\3\3_641.jpg,1
.\Database\cifar10\3\3_646.jpg,1
.\Database\cifar10\3\3_650.jpg,1
.\Database\cifar10\3\3_664.jpg,1
.\Database\cifar10\3\3_669.jpg,1
.\Database\cifar10\3\3_671.jpg,1
.\Database\cifar10\3\3_673.jpg,1
.\Database\cifar10\3\3_676.jpg,1
.\Database\cifar10\3\3_688.jpg,1
.\Database\cifar10\3\3_690.jpg,1
.\Database\cifar10\3\3_695.jpg,1
.\Database\cifar10\3\3_715.jpg,1
.\Database\cifar10\3\3_716.jpg,1
.\Database\cifar10\3\3_727.jpg,1
.\Database\cifar10\3\3_739.jpg,1
.\Database\cifar10\3\3_760.jpg,1
.\Database\cifar10\3\3_786.jpg,1
.\Database\cifar10\3\3_790.jpg,1
.\Database\cifar10\3\3_792.jpg,1
.\Database\cifar10\3\3_811.jpg,1
.\Database\cifar10\3\3_819.jpg,1
.\Database\cifar10\3\3_825.jpg,1
.\Database\cifar10\3\3_829.jpg,1
.\Database\cifar10\3\3_831.jpg,1
.\Database\cifar10\3\3_845.jpg,1
.\Database\cifar10\3\3_862.jpg,1
.\Database\cifar10\3\3_863.jpg,1
.\Database\cifar10\3\3_866.jpg,1
.\Database\cifar10\3\3_870.jpg,1
.\Database\cifar10\3\3_874.jpg,1
.\Database\cifar10\3\3_878.jpg,1
.\Database\cifar10\3\3_882.jpg,1
.\Database\cifar10\3\3_896.jpg,1
.\Database\cifar10\3\3_898.jpg,1
.\Database\cifar10\3\3_911.jpg,1
.\Database\cifar10\3\3_916.jpg,1
.\Database\cifar10\3\3_932.jpg,1
.\Database\cifar10\3\3_945.jpg,1
.\Database\cifar10\3\3_948.jpg,1
.\Database\cifar10\3\3_950.jpg,1
.\Database\cifar10\3\3_957.jpg,1
.\Database\cifar10\3\3_986.jpg,1
.\Database\cifar10\3\3_995.jpg,1
.\Database\cifar10\3\3_998.jpg,1
.\Database\cifar10\3\3_1014.jpg,1
.\Database\cifar10\3\3_1024.jpg,1
.\Database\cifar10\3\3_1030.jpg,1
.\Database\cifar10\3\3_1031.jpg,1
.\Database\cifar10\3\3_1033.jpg,1
.\Database\cifar10\3\3_1050.jpg,1
.\Database\cifar10\3\3_1053.jpg,1
.\Database\cifar10\3\3_1056.jpg,1
.\Database\cifar10\3\3_1065.jpg,1
.\Database\cifar10\3\3_1070.jpg,1
.\Database\cifar10\3\3_1074.jpg,1
.\Database\cifar10\3\3_1088.jpg,1
.\Database\cifar10\3\3_1112.jpg,1
.\Database\cifar10\3\3_1121.jpg,1
.\Database\cifar10\3\3_1123.jpg,1
.\Database\cifar10\3\3_1124.jpg,1
.\Database\cifar10\3\3_1129.jpg,1
.\Database\cifar10\3\3_1163.jpg,1
.\Database\cifar10\3\3_1166.jpg,1
.\Database\cifar10\3\3_1168.jpg,1
.\Database\cifar10\3\3_1173.jpg,1
.\Database\cifar10\3\3_1179.jpg,1
.\Database\cifar10\3\3_1180.jpg,1
.\Database\cifar10\3\3_1181.jpg,1
.\Database\cifar10\3\3_1208.jpg,1
.\Database\cifar10\3\3_1219.jpg,1
.\Database\cifar10\3\3_1227.jpg,1
.\Database\cifar10\3\3_1247.jpg,1
.\Database\cifar10\3\3_1268.jpg,1
.\Database\cifar10\3\3_1269.jpg,1
.\Database\cifar10\3\3_1274.jpg,1
.\Database\cifar10\3\3_1275.jpg,1
.\Database\cifar10\3\3_1280.jpg,1
.\Database\cifar10\3\3_1334.jpg,1
.\Database\cifar10\3\3_1346.jpg,1
.\Database\cifar10\3\3_1353.jpg,1
.\Database\cifar10\3\3_1368.jpg,1
.\Database\cifar10\3\3_1373.jpg,1
.\Database\cifar10\3\3_1377.jpg,1
.\Database\cifar10\3\3_1386.jpg,1
.\Database\cifar10\3\3_1395.jpg,1
.\Database\cifar10\3\3_1411.jpg,1
.\Database\cifar10\3\3_1416.jpg,1
.\Database\cifar10\3\3_1442.jpg,1
.\Database\cifar10\3\3_1445.jpg,1
.\Database\cifar10\3\3_1454.jpg,1
.\Database\cifar10\3\3_1468.jpg,1
.\Database\cifar10\3\3_1474.jpg,1
.\Database\cifar10\3\3_1518.jpg,1
.\Database\cifar10\3\3_1524.jpg,1
.\Database\cifar10\3\3_1525.jpg,1
.\Database\cifar10\3\3_1530.jpg,1
.\Database\cifar10\3\3_1538.jpg,1
.\Database\cifar10\3\3_1552.jpg,1
.\Database\cifar10\3\3_1593.jpg,1
.\Database\cifar10\3\3_1594.jpg,1
.\Database\cifar10\0\0_2077.jpg,2
.\Database\cifar10\0\0_3.jpg,2
.\Database\cifar10\0\0_10.jpg,2
.\Database\cifar10\0\0_21.jpg,2
.\Database\cifar10\0\0_27.jpg,2
.\Database\cifar10\0\0_44.jpg,2
.\Database\cifar10\0\0_52.jpg,2
.\Database\cifar10\0\0_74.jpg,2
.\Database\cifar10\0\0_90.jpg,2
.\Database\cifar10\0\0_97.jpg,2
.\Database\cifar10\0\0_98.jpg,2
.\Database\cifar10\0\0_111.jpg,2
.\Database\cifar10\0\0_116.jpg,2
.\Database\cifar10\0\0_125.jpg,2
.\Database\cifar10\0\0_153.jpg,2
.\Database\cifar10\0\0_154.jpg,2
.\Database\cifar10\0\0_169.jpg,2
.\Database\cifar10\0\0_179.jpg,2
.\Database\cifar10\0\0_180.jpg,2
.\Database\cifar10\0\0_189.jpg,2
.\Database\cifar10\0\0_192.jpg,2
.\Database\cifar10\0\0_206.jpg,2
.\Database\cifar10\0\0_215.jpg,2
.\Database\cifar10\0\0_235.jpg,2
.\Database\cifar10\0\0_237.jpg,2
.\Database\cifar10\0\0_244.jpg,2
.\Database\cifar10\0\0_255.jpg,2
.\Database\cifar10\0\0_257.jpg,2
.\Database\cifar10\0\0_258.jpg,2
.\Database\cifar10\0\0_264.jpg,2
.\Database\cifar10\0\0_269.jpg,2
.\Database\cifar10\0\0_276.jpg,2
.\Database\cifar10\0\0_281.jpg,2
.\Database\cifar10\0\0_284.jpg,2
.\Database\cifar10\0\0_287.jpg,2
.\Database\cifar10\0\0_297.jpg,2
.\Database\cifar10\0\0_298.jpg,2
.\Database\cifar10\0\0_313.jpg,2
.\Database\cifar10\0\0_315.jpg,2
.\Database\cifar10\0\0_338.jpg,2
.\Database\cifar10\0\0_352.jpg,2
.\Database\cifar10\0\0_359.jpg,2
.\Database\cifar10\0\0_376.jpg,2
.\Database\cifar10\0\0_378.jpg,2
.\Database\cifar10\0\0_382.jpg,2
.\Database\cifar10\0\0_398.jpg,2
.\Database\cifar10\0\0_406.jpg,2
.\Database\cifar10\0\0_416.jpg,2
.\Database\cifar10\0\0_422.jpg,2
.\Database\cifar10\0\0_423.jpg,2
.\Database\cifar10\0\0_428.jpg,2
.\Database\cifar10\0\0_447.jpg,2
.\Database\cifar10\0\0_473.jpg,2
.\Database\cifar10\0\0_477.jpg,2
.\Database\cifar10\0\0_489.jpg,2
.\Database\cifar10\0\0_491.jpg,2
.\Database\cifar10\0\0_496.jpg,2
.\Database\cifar10\0\0_499.jpg,2
.\Database\cifar10\0\0_522.jpg,2
.\Database\cifar10\0\0_524.jpg,2
.\Database\cifar10\0\0_526.jpg,2
.\Database\cifar10\0\0_527.jpg,2
.\Database\cifar10\0\0_531.jpg,2
.\Database\cifar10\0\0_539.jpg,2
.\Database\cifar10\0\0_560.jpg,2
.\Database\cifar10\0\0_581.jpg,2
.\Database\cifar10\0\0_584.jpg,2
.\Database\cifar10\0\0_602.jpg,2
.\Database\cifar10\0\0_638.jpg,2
.\Database\cifar10\0\0_642.jpg,2
.\Database\cifar10\0\0_667.jpg,2
.\Database\cifar10\0\0_675.jpg,2
.\Database\cifar10\0\0_678.jpg,2
.\Database\cifar10\0\0_689.jpg,2
.\Database\cifar10\0\0_742.jpg,2
.\Database\cifar10\0\0_763.jpg,2
.\Database\cifar10\0\0_767.jpg,2
.\Database\cifar10\0\0_774.jpg,2
.\Database\cifar10\0\0_778.jpg,2
.\Database\cifar10\0\0_785.jpg,2
.\Database\cifar10\0\0_791.jpg,2
.\Database\cifar10\0\0_814.jpg,2
.\Database\cifar10\0\0_822.jpg,2
.\Database\cifar10\0\0_841.jpg,2
.\Database\cifar10\0\0_847.jpg,2
.\Database\cifar10\0\0_854.jpg,2
.\Database\cifar10\0\0_857.jpg,2
.\Database\cifar10\0\0_864.jpg,2
.\Database\cifar10\0\0_868.jpg,2
.\Database\cifar10\0\0_883.jpg,2
.\Database\cifar10\0\0_885.jpg,2
.\Database\cifar10\0\0_886.jpg,2
.\Database\cifar10\0\0_888.jpg,2
.\Database\cifar10\0\0_912.jpg,2
.\Database\cifar10\0\0_914.jpg,2
.\Database\cifar10\0\0_919.jpg,2
.\Database\cifar10\0\0_928.jpg,2
.\Database\cifar10\0\0_929.jpg,2
.\Database\cifar10\0\0_944.jpg,2
.\Database\cifar10\0\0_946.jpg,2
.\Database\cifar10\0\0_956.jpg,2
.\Database\cifar10\0\0_975.jpg,2
.\Database\cifar10\0\0_982.jpg,2
.\Database\cifar10\0\0_989.jpg,2
.\Database\cifar10\0\0_1001.jpg,2
.\Database\cifar10\0\0_1010.jpg,2
.\Database\cifar10\0\0_1018.jpg,2
.\Database\cifar10\0\0_1022.jpg,2
.\Database\cifar10\0\0_1023.jpg,2
.\Database\cifar10\0\0_1026.jpg,2
.\Database\cifar10\0\0_1027.jpg,2
.\Database\cifar10\0\0_1036.jpg,2
.\Database\cifar10\0\0_1052.jpg,2
.\Database\cifar10\0\0_1067.jpg,2
.\Database\cifar10\0\0_1072.jpg,2
.\Database\cifar10\0\0_1076.jpg,2
.\Database\cifar10\0\0_1077.jpg,2
.\Database\cifar10\0\0_1078.jpg,2
.\Database\cifar10\0\0_1090.jpg,2
.\Database\cifar10\0\0_1093.jpg,2
.\Database\cifar10\0\0_1103.jpg,2
.\Database\cifar10\0\0_1109.jpg,2
.\Database\cifar10\0\0_1137.jpg,2
.\Database\cifar10\0\0_1152.jpg,2
.\Database\cifar10\0\0_1161.jpg,2
.\Database\cifar10\0\0_1165.jpg,2
.\Database\cifar10\0\0_1183.jpg,2
.\Database\cifar10\0\0_1188.jpg,2
.\Database\cifar10\0\0_1189.jpg,2
.\Database\cifar10\0\0_1197.jpg,2
.\Database\cifar10\0\0_1203.jpg,2
.\Database\cifar10\0\0_1210.jpg,2
.\Database\cifar10\0\0_1237.jpg,2
.\Database\cifar10\0\0_1241.jpg,2
.\Database\cifar10\0\0_1266.jpg,2
.\Database\cifar10\0\0_1295.jpg,2
.\Database\cifar10\0\0_1310.jpg,2
.\Database\cifar10\0\0_1319.jpg,2
.\Database\cifar10\0\0_1322.jpg,2
.\Database\cifar10\0\0_1323.jpg,2
.\Database\cifar10\0\0_1343.jpg,2
.\Database\cifar10\0\0_1365.jpg,2
.\Database\cifar10\0\0_1397.jpg,2
.\Database\cifar10\0\0_1409.jpg,2
.\Database\cifar10\0\0_1434.jpg,2
.\Database\cifar10\0\0_1440.jpg,2
.\Database\cifar10\0\0_1446.jpg,2
.\Database\cifar10\0\0_1461.jpg,2
.\Database\cifar10\0\0_1463.jpg,2
.\Database\cifar10\0\0_1485.jpg,2
.\Database\cifar10\0\0_1514.jpg,2
.\Database\cifar10\0\0_1555.jpg,2
.\Database\cifar10\0\0_1568.jpg,2
.\Database\cifar10\0\0_1573.jpg,2
.\Database\cifar10\0\0_1574.jpg,2
.\Database\cifar10\0\0_1579.jpg,2
.\Database\cifar10\0\0_1596.jpg,2
.\Database\cifar10\0\0_1617.jpg,2
.\Database\cifar10\0\0_1646.jpg,2
.\Database\cifar10\0\0_1651.jpg,2
.\Database\cifar10\4\4_2015.jpg,3
.\Database\cifar10\4\4_22.jpg,3
.\Database\cifar10\4\4_26.jpg,3
.\Database\cifar10\4\4_32.jpg,3
.\Database\cifar10\4\4_36.jpg,3
.\Database\cifar10\4\4_40.jpg,3
.\Database\cifar10\4\4_58.jpg,3
.\Database\cifar10\4\4_94.jpg,3
.\Database\cifar10\4\4_100.jpg,3
.\Database\cifar10\4\4_110.jpg,3
.\Database\cifar10\4\4_117.jpg,3
.\Database\cifar10\4\4_130.jpg,3
.\Database\cifar10\4\4_159.jpg,3
.\Database\cifar10\4\4_165.jpg,3
.\Database\cifar10\4\4_167.jpg,3
.\Database\cifar10\4\4_188.jpg,3
.\Database\cifar10\4\4_211.jpg,3
.\Database\cifar10\4\4_223.jpg,3
.\Database\cifar10\4\4_227.jpg,3
.\Database\cifar10\4\4_236.jpg,3
.\Database\cifar10\4\4_254.jpg,3
.\Database\cifar10\4\4_267.jpg,3
.\Database\cifar10\4\4_278.jpg,3
.\Database\cifar10\4\4_295.jpg,3
.\Database\cifar10\4\4_314.jpg,3
.\Database\cifar10\4\4_324.jpg,3
.\Database\cifar10\4\4_328.jpg,3
.\Database\cifar10\4\4_346.jpg,3
.\Database\cifar10\4\4_365.jpg,3
.\Database\cifar10\4\4_370.jpg,3
.\Database\cifar10\4\4_373.jpg,3
.\Database\cifar10\4\4_405.jpg,3
.\Database\cifar10\4\4_420.jpg,3
.\Database\cifar10\4\4_427.jpg,3
.\Database\cifar10\4\4_441.jpg,3
.\Database\cifar10\4\4_455.jpg,3
.\Database\cifar10\4\4_458.jpg,3
.\Database\cifar10\4\4_463.jpg,3
.\Database\cifar10\4\4_465.jpg,3
.\Database\cifar10\4\4_466.jpg,3
.\Database\cifar10\4\4_479.jpg,3
.\Database\cifar10\4\4_500.jpg,3
.\Database\cifar10\4\4_503.jpg,3
.\Database\cifar10\4\4_505.jpg,3
.\Database\cifar10\4\4_509.jpg,3
.\Database\cifar10\4\4_528.jpg,3
.\Database\cifar10\4\4_555.jpg,3
.\Database\cifar10\4\4_557.jpg,3
.\Database\cifar10\4\4_580.jpg,3
.\Database\cifar10\4\4_583.jpg,3
.\Database\cifar10\4\4_587.jpg,3
.\Database\cifar10\4\4_595.jpg,3
.\Database\cifar10\4\4_606.jpg,3
.\Database\cifar10\4\4_627.jpg,3
.\Database\cifar10\4\4_628.jpg,3
.\Database\cifar10\4\4_647.jpg,3
.\Database\cifar10\4\4_648.jpg,3
.\Database\cifar10\4\4_658.jpg,3
.\Database\cifar10\4\4_661.jpg,3
.\Database\cifar10\4\4_682.jpg,3
.\Database\cifar10\4\4_702.jpg,3
.\Database\cifar10\4\4_705.jpg,3
.\Database\cifar10\4\4_714.jpg,3
.\Database\cifar10\4\4_718.jpg,3
.\Database\cifar10\4\4_720.jpg,3
.\Database\cifar10\4\4_730.jpg,3
.\Database\cifar10\4\4_735.jpg,3
.\Database\cifar10\4\4_737.jpg,3
.\Database\cifar10\4\4_769.jpg,3
.\Database\cifar10\4\4_773.jpg,3
.\Database\cifar10\4\4_793.jpg,3
.\Database\cifar10\4\4_797.jpg,3
.\Database\cifar10\4\4_802.jpg,3
.\Database\cifar10\4\4_804.jpg,3
.\Database\cifar10\4\4_805.jpg,3
.\Database\cifar10\4\4_807.jpg,3
.\Database\cifar10\4\4_835.jpg,3
.\Database\cifar10\4\4_849.jpg,3
.\Database\cifar10\4\4_860.jpg,3
.\Database\cifar10\4\4_872.jpg,3
.\Database\cifar10\4\4_876.jpg,3
.\Database\cifar10\4\4_881.jpg,3
.\Database\cifar10\4\4_889.jpg,3
.\Database\cifar10\4\4_890.jpg,3
.\Database\cifar10\4\4_913.jpg,3
.\Database\cifar10\4\4_930.jpg,3
.\Database\cifar10\4\4_943.jpg,3
.\Database\cifar10\4\4_954.jpg,3
.\Database\cifar10\4\4_971.jpg,3
.\Database\cifar10\4\4_983.jpg,3
.\Database\cifar10\4\4_993.jpg,3
.\Database\cifar10\4\4_1003.jpg,3
.\Database\cifar10\4\4_1015.jpg,3
.\Database\cifar10\4\4_1049.jpg,3
.\Database\cifar10\4\4_1063.jpg,3
.\Database\cifar10\4\4_1085.jpg,3
.\Database\cifar10\4\4_1086.jpg,3
.\Database\cifar10\4\4_1105.jpg,3
.\Database\cifar10\4\4_1118.jpg,3
.\Database\cifar10\4\4_1128.jpg,3
.\Database\cifar10\4\4_1133.jpg,3
.\Database\cifar10\4\4_1145.jpg,3
.\Database\cifar10\4\4_1167.jpg,3
.\Database\cifar10\4\4_1186.jpg,3
.\Database\cifar10\4\4_1194.jpg,3
.\Database\cifar10\4\4_1207.jpg,3
.\Database\cifar10\4\4_1217.jpg,3
.\Database\cifar10\4\4_1233.jpg,3
.\Database\cifar10\4\4_1249.jpg,3
.\Database\cifar10\4\4_1255.jpg,3
.\Database\cifar10\4\4_1267.jpg,3
.\Database\cifar10\4\4_1272.jpg,3
.\Database\cifar10\4\4_1292.jpg,3
.\Database\cifar10\4\4_1293.jpg,3
.\Database\cifar10\4\4_1300.jpg,3
.\Database\cifar10\4\4_1303.jpg,3
.\Database\cifar10\4\4_1304.jpg,3
.\Database\cifar10\4\4_1315.jpg,3
.\Database\cifar10\4\4_1324.jpg,3
.\Database\cifar10\4\4_1336.jpg,3
.\Database\cifar10\4\4_1341.jpg,3
.\Database\cifar10\4\4_1345.jpg,3
.\Database\cifar10\4\4_1350.jpg,3
.\Database\cifar10\4\4_1364.jpg,3
.\Database\cifar10\4\4_1375.jpg,3
.\Database\cifar10\4\4_1380.jpg,3
.\Database\cifar10\4\4_1393.jpg,3
.\Database\cifar10\4\4_1401.jpg,3
.\Database\cifar10\4\4_1420.jpg,3
.\Database\cifar10\4\4_1423.jpg,3
.\Database\cifar10\4\4_1425.jpg,3
.\Database\cifar10\4\4_1431.jpg,3
.\Database\cifar10\4\4_1441.jpg,3
.\Database\cifar10\4\4_1443.jpg,3
.\Database\cifar10\4\4_1448.jpg,3
.\Database\cifar10\4\4_1462.jpg,3
.\Database\cifar10\4\4_1484.jpg,3
.\Database\cifar10\4\4_1491.jpg,3
.\Database\cifar10\4\4_1503.jpg,3
.\Database\cifar10\4\4_1516.jpg,3
.\Database\cifar10\4\4_1522.jpg,3
.\Database\cifar10\4\4_1523.jpg,3
.\Database\cifar10\4\4_1526.jpg,3
.\Database\cifar10\4\4_1529.jpg,3
.\Database\cifar10\4\4_1533.jpg,3
.\Database\cifar10\4\4_1534.jpg,3
.\Database\cifar10\4\4_1535.jpg,3
.\Database\cifar10\4\4_1537.jpg,3
.\Database\cifar10\4\4_1541.jpg,3
.\Database\cifar10\4\4_1544.jpg,3
.\Database\cifar10\4\4_1546.jpg,3
.\Database\cifar10\4\4_1551.jpg,3
.\Database\cifar10\4\4_1553.jpg,3
.\Database\cifar10\4\4_1554.jpg,3
.\Database\cifar10\4\4_1558.jpg,3
.\Database\cifar10\4\4_1570.jpg,3
.\Database\cifar10\4\4_1590.jpg,3
.\Database\cifar10\4\4_1592.jpg,3
.\Database\cifar10\4\4_1608.jpg,3
.\Database\cifar10\4\4_1609.jpg,3
.\Database\cifar10\5\5_2057.jpg,4
.\Database\cifar10\5\5_12.jpg,4
.\Database\cifar10\5\5_16.jpg,4
.\Database\cifar10\5\5_24.jpg,4
.\Database\cifar10\5\5_31.jpg,4
.\Database\cifar10\5\5_33.jpg,4
.\Database\cifar10\5\5_39.jpg,4
.\Database\cifar10\5\5_42.jpg,4
.\Database\cifar10\5\5_85.jpg,4
.\Database\cifar10\5\5_101.jpg,4
.\Database\cifar10\5\5_128.jpg,4
.\Database\cifar10\5\5_141.jpg,4
.\Database\cifar10\5\5_148.jpg,4
.\Database\cifar10\5\5_155.jpg,4
.\Database\cifar10\5\5_158.jpg,4
.\Database\cifar10\5\5_168.jpg,4
.\Database\cifar10\5\5_178.jpg,4
.\Database\cifar10\5\5_181.jpg,4
.\Database\cifar10\5\5_190.jpg,4
.\Database\cifar10\5\5_200.jpg,4
.\Database\cifar10\5\5_207.jpg,4
.\Database\cifar10\5\5_212.jpg,4
.\Database\cifar10\5\5_230.jpg,4
.\Database\cifar10\5\5_232.jpg,4
.\Database\cifar10\5\5_238.jpg,4
.\Database\cifar10\5\5_239.jpg,4
.\Database\cifar10\5\5_250.jpg,4
.\Database\cifar10\5\5_262.jpg,4
.\Database\cifar10\5\5_275.jpg,4
.\Database\cifar10\5\5_318.jpg,4
.\Database\cifar10\5\5_319.jpg,4
.\Database\cifar10\5\5_321.jpg,4
.\Database\cifar10\5\5_327.jpg,4
.\Database\cifar10\5\5_343.jpg,4
.\Database\cifar10\5\5_345.jpg,4
.\Database\cifar10\5\5_361.jpg,4
.\Database\cifar10\5\5_389.jpg,4
.\Database\cifar10\5\5_421.jpg,4
.\Database\cifar10\5\5_431.jpg,4
.\Database\cifar10\5\5_437.jpg,4
.\Database\cifar10\5\5_444.jpg,4
.\Database\cifar10\5\5_446.jpg,4
.\Database\cifar10\5\5_457.jpg,4
.\Database\cifar10\5\5_460.jpg,4
.\Database\cifar10\5\5_474.jpg,4
.\Database\cifar10\5\5_478.jpg,4
.\Database\cifar10\5\5_483.jpg,4
.\Database\cifar10\5\5_484.jpg,4
.\Database\cifar10\5\5_488.jpg,4
.\Database\cifar10\5\5_502.jpg,4
.\Database\cifar10\5\5_510.jpg,4
.\Database\cifar10\5\5_514.jpg,4
.\Database\cifar10\5\5_518.jpg,4
.\Database\cifar10\5\5_520.jpg,4
.\Database\cifar10\5\5_525.jpg,4
.\Database\cifar10\5\5_533.jpg,4
.\Database\cifar10\5\5_544.jpg,4
.\Database\cifar10\5\5_549.jpg,4
.\Database\cifar10\5\5_550.jpg,4
.\Database\cifar10\5\5_551.jpg,4
.\Database\cifar10\5\5_553.jpg,4
.\Database\cifar10\5\5_579.jpg,4
.\Database\cifar10\5\5_598.jpg,4
.\Database\cifar10\5\5_601.jpg,4
.\Database\cifar10\5\5_614.jpg,4
.\Database\cifar10\5\5_631.jpg,4
.\Database\cifar10\5\5_639.jpg,4
.\Database\cifar10\5\5_640.jpg,4
.\Database\cifar10\5\5_649.jpg,4
.\Database\cifar10\5\5_652.jpg,4
.\Database\cifar10\5\5_679.jpg,4
.\Database\cifar10\5\5_699.jpg,4
.\Database\cifar10\5\5_729.jpg,4
.\Database\cifar10\5\5_749.jpg,4
.\Database\cifar10\5\5_768.jpg,4
.\Database\cifar10\5\5_779.jpg,4
.\Database\cifar10\5\5_810.jpg,4
.\Database\cifar10\5\5_817.jpg,4
.\Database\cifar10\5\5_828.jpg,4
.\Database\cifar10\5\5_834.jpg,4
.\Database\cifar10\5\5_899.jpg,4
.\Database\cifar10\5\5_903.jpg,4
.\Database\cifar10\5\5_910.jpg,4
.\Database\cifar10\5\5_924.jpg,4
.\Database\cifar10\5\5_925.jpg,4
.\Database\cifar10\5\5_937.jpg,4
.\Database\cifar10\5\5_991.jpg,4
.\Database\cifar10\5\5_1000.jpg,4
.\Database\cifar10\5\5_1019.jpg,4
.\Database\cifar10\5\5_1025.jpg,4
.\Database\cifar10\5\5_1041.jpg,4
.\Database\cifar10\5\5_1042.jpg,4
.\Database\cifar10\5\5_1045.jpg,4
.\Database\cifar10\5\5_1055.jpg,4
.\Database\cifar10\5\5_1084.jpg,4
.\Database\cifar10\5\5_1097.jpg,4
.\Database\cifar10\5\5_1116.jpg,4
.\Database\cifar10\5\5_1117.jpg,4
.\Database\cifar10\5\5_1120.jpg,4
.\Database\cifar10\5\5_1138.jpg,4
.\Database\cifar10\5\5_1193.jpg,4
.\Database\cifar10\5\5_1214.jpg,4
.\Database\cifar10\5\5_1228.jpg,4
.\Database\cifar10\5\5_1230.jpg,4
.\Database\cifar10\5\5_1235.jpg,4
.\Database\cifar10\5\5_1239.jpg,4
.\Database\cifar10\5\5_1244.jpg,4
.\Database\cifar10\5\5_1252.jpg,4
.\Database\cifar10\5\5_1276.jpg,4
.\Database\cifar10\5\5_1283.jpg,4
.\Database\cifar10\5\5_1290.jpg,4
.\Database\cifar10\5\5_1308.jpg,4
.\Database\cifar10\5\5_1316.jpg,4
.\Database\cifar10\5\5_1318.jpg,4
.\Database\cifar10\5\5_1328.jpg,4
.\Database\cifar10\5\5_1329.jpg,4
.\Database\cifar10\5\5_1337.jpg,4
.\Database\cifar10\5\5_1339.jpg,4
.\Database\cifar10\5\5_1355.jpg,4
.\Database\cifar10\5\5_1362.jpg,4
.\Database\cifar10\5\5_1385.jpg,4
.\Database\cifar10\5\5_1388.jpg,4
.\Database\cifar10\5\5_1389.jpg,4
.\Database\cifar10\5\5_1400.jpg,4
.\Database\cifar10\5\5_1438.jpg,4
.\Database\cifar10\5\5_1453.jpg,4
.\Database\cifar10\5\5_1498.jpg,4
.\Database\cifar10\5\5_1506.jpg,4
.\Database\cifar10\5\5_1527.jpg,4
.\Database\cifar10\5\5_1536.jpg,4
.\Database\cifar10\5\5_1542.jpg,4
.\Database\cifar10\5\5_1543.jpg,4
.\Database\cifar10\5\5_1548.jpg,4
.\Database\cifar10\5\5_1559.jpg,4
.\Database\cifar10\5\5_1561.jpg,4
.\Database\cifar10\5\5_1571.jpg,4
.\Database\cifar10\5\5_1577.jpg,4
.\Database\cifar10\5\5_1586.jpg,4
.\Database\cifar10\5\5_1588.jpg,4
.\Database\cifar10\5\5_1598.jpg,4
.\Database\cifar10\5\5_1599.jpg,4
.\Database\cifar10\5\5_1620.jpg,4
.\Database\cifar10\5\5_1636.jpg,4
.\Database\cifar10\5\5_1637.jpg,4
.\Database\cifar10\5\5_1642.jpg,4
.\Database\cifar10\5\5_1649.jpg,4
.\Database\cifar10\5\5_1650.jpg,4
.\Database\cifar10\5\5_1657.jpg,4
.\Database\cifar10\5\5_1675.jpg,4
.\Database\cifar10\5\5_1681.jpg,4
.\Database\cifar10\5\5_1698.jpg,4
.\Database\cifar10\5\5_1700.jpg,4
.\Database\cifar10\5\5_1701.jpg,4
.\Database\cifar10\5\5_1703.jpg,4
.\Database\cifar10\5\5_1731.jpg,4
.\Database\cifar10\5\5_1736.jpg,4
.\Database\cifar10\5\5_1738.jpg,4
.\Database\cifar10\5\5_1745.jpg,4
.\Database\cifar10\5\5_1752.jpg,4
.\Database\cifar10\5\5_1759.jpg,4
.\Database\cifar10\6\6_1867.jpg,5
.\Database\cifar10\6\6_4.jpg,5
.\Database\cifar10\6\6_5.jpg,5
.\Database\cifar10\6\6_7.jpg,5
.\Database\cifar10\6\6_19.jpg,5
.\Database\cifar10\6\6_29.jpg,5
.\Database\cifar10\6\6_30.jpg,5
.\Database\cifar10\6\6_41.jpg,5
.\Database\cifar10\6\6_43.jpg,5
.\Database\cifar10\6\6_49.jpg,5
.\Database\cifar10\6\6_59.jpg,5
.\Database\cifar10\6\6_62.jpg,5
.\Database\cifar10\6\6_64.jpg,5
.\Database\cifar10\6\6_71.jpg,5
.\Database\cifar10\6\6_93.jpg,5
.\Database\cifar10\6\6_95.jpg,5
.\Database\cifar10\6\6_96.jpg,5
.\Database\cifar10\6\6_102.jpg,5
.\Database\cifar10\6\6_107.jpg,5
.\Database\cifar10\6\6_112.jpg,5
.\Database\cifar10\6\6_140.jpg,5
.\Database\cifar10\6\6_142.jpg,5
.\Database\cifar10\6\6_146.jpg,5
.\Database\cifar10\6\6_152.jpg,5
.\Database\cifar10\6\6_162.jpg,5
.\Database\cifar10\6\6_163.jpg,5
.\Database\cifar10\6\6_186.jpg,5
.\Database\cifar10\6\6_221.jpg,5
.\Database\cifar10\6\6_226.jpg,5
.\Database\cifar10\6\6_229.jpg,5
.\Database\cifar10\6\6_272.jpg,5
.\Database\cifar10\6\6_282.jpg,5
.\Database\cifar10\6\6_292.jpg,5
.\Database\cifar10\6\6_296.jpg,5
.\Database\cifar10\6\6_299.jpg,5
.\Database\cifar10\6\6_300.jpg,5
.\Database\cifar10\6\6_301.jpg,5
.\Database\cifar10\6\6_304.jpg,5
.\Database\cifar10\6\6_309.jpg,5
.\Database\cifar10\6\6_311.jpg,5
.\Database\cifar10\6\6_329.jpg,5
.\Database\cifar10\6\6_333.jpg,5
.\Database\cifar10\6\6_334.jpg,5
.\Database\cifar10\6\6_341.jpg,5
.\Database\cifar10\6\6_347.jpg,5
.\Database\cifar10\6\6_379.jpg,5
.\Database\cifar10\6\6_380.jpg,5
.\Database\cifar10\6\6_392.jpg,5
.\Database\cifar10\6\6_395.jpg,5
.\Database\cifar10\6\6_413.jpg,5
.\Database\cifar10\6\6_429.jpg,5
.\Database\cifar10\6\6_459.jpg,5
.\Database\cifar10\6\6_461.jpg,5
.\Database\cifar10\6\6_476.jpg,5
.\Database\cifar10\6\6_481.jpg,5
.\Database\cifar10\6\6_501.jpg,5
.\Database\cifar10\6\6_511.jpg,5
.\Database\cifar10\6\6_512.jpg,5
.\Database\cifar10\6\6_529.jpg,5
.\Database\cifar10\6\6_534.jpg,5
.\Database\cifar10\6\6_535.jpg,5
.\Database\cifar10\6\6_536.jpg,5
.\Database\cifar10\6\6_542.jpg,5
.\Database\cifar10\6\6_547.jpg,5
.\Database\cifar10\6\6_556.jpg,5
.\Database\cifar10\6\6_562.jpg,5
.\Database\cifar10\6\6_570.jpg,5
.\Database\cifar10\6\6_574.jpg,5
.\Database\cifar10\6\6_575.jpg,5
.\Database\cifar10\6\6_590.jpg,5
.\Database\cifar10\6\6_593.jpg,5
.\Database\cifar10\6\6_605.jpg,5
.\Database\cifar10\6\6_610.jpg,5
.\Database\cifar10\6\6_616.jpg,5
.\Database\cifar10\6\6_617.jpg,5
.\Database\cifar10\6\6_632.jpg,5
.\Database\cifar10\6\6_635.jpg,5
.\Database\cifar10\6\6_653.jpg,5
.\Database\cifar10\6\6_663.jpg,5
.\Database\cifar10\6\6_670.jpg,5
.\Database\cifar10\6\6_672.jpg,5
.\Database\cifar10\6\6_681.jpg,5
.\Database\cifar10\6\6_685.jpg,5
.\Database\cifar10\6\6_687.jpg,5
.\Database\cifar10\6\6_710.jpg,5
.\Database\cifar10\6\6_728.jpg,5
.\Database\cifar10\6\6_746.jpg,5
.\Database\cifar10\6\6_747.jpg,5
.\Database\cifar10\6\6_756.jpg,5
.\Database\cifar10\6\6_761.jpg,5
.\Database\cifar10\6\6_762.jpg,5
.\Database\cifar10\6\6_770.jpg,5
.\Database\cifar10\6\6_772.jpg,5
.\Database\cifar10\6\6_777.jpg,5
.\Database\cifar10\6\6_783.jpg,5
.\Database\cifar10\6\6_788.jpg,5
.\Database\cifar10\6\6_820.jpg,5
.\Database\cifar10\6\6_827.jpg,5
.\Database\cifar10\6\6_861.jpg,5
.\Database\cifar10\6\6_891.jpg,5
.\Database\cifar10\6\6_893.jpg,5
.\Database\cifar10\6\6_901.jpg,5
.\Database\cifar10\6\6_902.jpg,5
.\Database\cifar10\6\6_907.jpg,5
.\Database\cifar10\6\6_920.jpg,5
.\Database\cifar10\6\6_927.jpg,5
.\Database\cifar10\6\6_952.jpg,5
.\Database\cifar10\6\6_963.jpg,5
.\Database\cifar10\6\6_964.jpg,5
.\Database\cifar10\6\6_965.jpg,5
.\Database\cifar10\6\6_966.jpg,5
.\Database\cifar10\6\6_976.jpg,5
.\Database\cifar10\6\6_994.jpg,5
.\Database\cifar10\6\6_1009.jpg,5
.\Database\cifar10\6\6_1012.jpg,5
.\Database\cifar10\6\6_1017.jpg,5
.\Database\cifar10\6\6_1028.jpg,5
.\Database\cifar10\6\6_1029.jpg,5
.\Database\cifar10\6\6_1032.jpg,5
.\Database\cifar10\6\6_1034.jpg,5
.\Database\cifar10\6\6_1035.jpg,5
.\Database\cifar10\6\6_1058.jpg,5
.\Database\cifar10\6\6_1062.jpg,5
.\Database\cifar10\6\6_1069.jpg,5
.\Database\cifar10\6\6_1071.jpg,5
.\Database\cifar10\6\6_1079.jpg,5
.\Database\cifar10\6\6_1080.jpg,5
.\Database\cifar10\6\6_1081.jpg,5
.\Database\cifar10\6\6_1087.jpg,5
.\Database\cifar10\6\6_1089.jpg,5
.\Database\cifar10\6\6_1092.jpg,5
.\Database\cifar10\6\6_1094.jpg,5
.\Database\cifar10\6\6_1125.jpg,5
.\Database\cifar10\6\6_1135.jpg,5
.\Database\cifar10\6\6_1140.jpg,5
.\Database\cifar10\6\6_1143.jpg,5
.\Database\cifar10\6\6_1147.jpg,5
.\Database\cifar10\6\6_1154.jpg,5
.\Database\cifar10\6\6_1178.jpg,5
.\Database\cifar10\6\6_1184.jpg,5
.\Database\cifar10\6\6_1192.jpg,5
.\Database\cifar10\6\6_1195.jpg,5
.\Database\cifar10\6\6_1204.jpg,5
.\Database\cifar10\6\6_1211.jpg,5
.\Database\cifar10\6\6_1225.jpg,5
.\Database\cifar10\6\6_1226.jpg,5
.\Database\cifar10\6\6_1245.jpg,5
.\Database\cifar10\6\6_1273.jpg,5
.\Database\cifar10\6\6_1289.jpg,5
.\Database\cifar10\6\6_1302.jpg,5
.\Database\cifar10\6\6_1309.jpg,5
.\Database\cifar10\6\6_1312.jpg,5
.\Database\cifar10\6\6_1326.jpg,5
.\Database\cifar10\6\6_1327.jpg,5
.\Database\cifar10\6\6_1338.jpg,5
.\Database\cifar10\6\6_1381.jpg,5
.\Database\cifar10\6\6_1390.jpg,5
.\Database\cifar10\6\6_1394.jpg,5
.\Database\cifar10\6\6_1403.jpg,5
.\Database\cifar10\6\6_1418.jpg,5
.\Database\cifar10\7\7_2084.jpg,6
.\Database\cifar10\7\7_13.jpg,6
.\Database\cifar10\7\7_17.jpg,6
.\Database\cifar10\7\7_20.jpg,6
.\Database\cifar10\7\7_48.jpg,6
.\Database\cifar10\7\7_56.jpg,6
.\Database\cifar10\7\7_57.jpg,6
.\Database\cifar10\7\7_60.jpg,6
.\Database\cifar10\7\7_69.jpg,6
.\Database\cifar10\7\7_83.jpg,6
.\Database\cifar10\7\7_87.jpg,6
.\Database\cifar10\7\7_99.jpg,6
.\Database\cifar10\7\7_109.jpg,6
.\Database\cifar10\7\7_119.jpg,6
.\Database\cifar10\7\7_137.jpg,6
.\Database\cifar10\7\7_145.jpg,6
.\Database\cifar10\7\7_177.jpg,6
.\Database\cifar10\7\7_194.jpg,6
.\Database\cifar10\7\7_198.jpg,6
.\Database\cifar10\7\7_203.jpg,6
.\Database\cifar10\7\7_208.jpg,6
.\Database\cifar10\7\7_210.jpg,6
.\Database\cifar10\7\7_216.jpg,6
.\Database\cifar10\7\7_220.jpg,6
.\Database\cifar10\7\7_228.jpg,6
.\Database\cifar10\7\7_263.jpg,6
.\Database\cifar10\7\7_268.jpg,6
.\Database\cifar10\7\7_288.jpg,6
.\Database\cifar10\7\7_316.jpg,6
.\Database\cifar10\7\7_317.jpg,6
.\Database\cifar10\7\7_326.jpg,6
.\Database\cifar10\7\7_339.jpg,6
.\Database\cifar10\7\7_355.jpg,6
.\Database\cifar10\7\7_371.jpg,6
.\Database\cifar10\7\7_375.jpg,6
.\Database\cifar10\7\7_377.jpg,6
.\Database\cifar10\7\7_386.jpg,6
.\Database\cifar10\7\7_402.jpg,6
.\Database\cifar10\7\7_410.jpg,6
.\Database\cifar10\7\7_417.jpg,6
.\Database\cifar10\7\7_419.jpg,6
.\Database\cifar10\7\7_433.jpg,6
.\Database\cifar10\7\7_435.jpg,6
.\Database\cifar10\7\7_445.jpg,6
.\Database\cifar10\7\7_452.jpg,6
.\Database\cifar10\7\7_468.jpg,6
.\Database\cifar10\7\7_471.jpg,6
.\Database\cifar10\7\7_475.jpg,6
.\Database\cifar10\7\7_506.jpg,6
.\Database\cifar10\7\7_521.jpg,6
.\Database\cifar10\7\7_523.jpg,6
.\Database\cifar10\7\7_541.jpg,6
.\Database\cifar10\7\7_543.jpg,6
.\Database\cifar10\7\7_561.jpg,6
.\Database\cifar10\7\7_567.jpg,6
.\Database\cifar10\7\7_571.jpg,6
.\Database\cifar10\7\7_578.jpg,6
.\Database\cifar10\7\7_596.jpg,6
.\Database\cifar10\7\7_620.jpg,6
.\Database\cifar10\7\7_621.jpg,6
.\Database\cifar10\7\7_624.jpg,6
.\Database\cifar10\7\7_634.jpg,6
.\Database\cifar10\7\7_643.jpg,6
.\Database\cifar10\7\7_662.jpg,6
.\Database\cifar10\7\7_693.jpg,6
.\Database\cifar10\7\7_698.jpg,6
.\Database\cifar10\7\7_700.jpg,6
.\Database\cifar10\7\7_704.jpg,6
.\Database\cifar10\7\7_713.jpg,6
.\Database\cifar10\7\7_732.jpg,6
.\Database\cifar10\7\7_741.jpg,6
.\Database\cifar10\7\7_743.jpg,6
.\Database\cifar10\7\7_745.jpg,6
.\Database\cifar10\7\7_766.jpg,6
.\Database\cifar10\7\7_782.jpg,6
.\Database\cifar10\7\7_784.jpg,6
.\Database\cifar10\7\7_794.jpg,6
.\Database\cifar10\7\7_795.jpg,6
.\Database\cifar10\7\7_798.jpg,6
.\Database\cifar10\7\7_800.jpg,6
.\Database\cifar10\7\7_803.jpg,6
.\Database\cifar10\7\7_808.jpg,6
.\Database\cifar10\7\7_809.jpg,6
.\Database\cifar10\7\7_812.jpg,6
.\Database\cifar10\7\7_824.jpg,6
.\Database\cifar10\7\7_826.jpg,6
.\Database\cifar10\7\7_840.jpg,6
.\Database\cifar10\7\7_842.jpg,6
.\Database\cifar10\7\7_850.jpg,6
.\Database\cifar10\7\7_855.jpg,6
.\Database\cifar10\7\7_856.jpg,6
.\Database\cifar10\7\7_858.jpg,6
.\Database\cifar10\7\7_867.jpg,6
.\Database\cifar10\7\7_879.jpg,6
.\Database\cifar10\7\7_892.jpg,6
.\Database\cifar10\7\7_897.jpg,6
.\Database\cifar10\7\7_905.jpg,6
.\Database\cifar10\7\7_934.jpg,6
.\Database\cifar10\7\7_942.jpg,6
.\Database\cifar10\7\7_955.jpg,6
.\Database\cifar10\7\7_958.jpg,6
.\Database\cifar10\7\7_974.jpg,6
.\Database\cifar10\7\7_984.jpg,6
.\Database\cifar10\7\7_1037.jpg,6
.\Database\cifar10\7\7_1040.jpg,6
.\Database\cifar10\7\7_1057.jpg,6
.\Database\cifar10\7\7_1073.jpg,6
.\Database\cifar10\7\7_1096.jpg,6
.\Database\cifar10\7\7_1100.jpg,6
.\Database\cifar10\7\7_1107.jpg,6
.\Database\cifar10\7\7_1119.jpg,6
.\Database\cifar10\7\7_1130.jpg,6
.\Database\cifar10\7\7_1149.jpg,6
.\Database\cifar10\7\7_1157.jpg,6
.\Database\cifar10\7\7_1162.jpg,6
.\Database\cifar10\7\7_1169.jpg,6
.\Database\cifar10\7\7_1170.jpg,6
.\Database\cifar10\7\7_1198.jpg,6
.\Database\cifar10\7\7_1201.jpg,6
.\Database\cifar10\7\7_1209.jpg,6
.\Database\cifar10\7\7_1215.jpg,6
.\Database\cifar10\7\7_1224.jpg,6
.\Database\cifar10\7\7_1236.jpg,6
.\Database\cifar10\7\7_1246.jpg,6
.\Database\cifar10\7\7_1250.jpg,6
.\Database\cifar10\7\7_1296.jpg,6
.\Database\cifar10\7\7_1299.jpg,6
.\Database\cifar10\7\7_1320.jpg,6
.\Database\cifar10\7\7_1333.jpg,6
.\Database\cifar10\7\7_1342.jpg,6
.\Database\cifar10\7\7_1351.jpg,6
.\Database\cifar10\7\7_1360.jpg,6
.\Database\cifar10\7\7_1379.jpg,6
.\Database\cifar10\7\7_1391.jpg,6
.\Database\cifar10\7\7_1398.jpg,6
.\Database\cifar10\7\7_1402.jpg,6
.\Database\cifar10\7\7_1415.jpg,6
.\Database\cifar10\7\7_1426.jpg,6
.\Database\cifar10\7\7_1428.jpg,6
.\Database\cifar10\7\7_1433.jpg,6
.\Database\cifar10\7\7_1466.jpg,6
.\Database\cifar10\7\7_1469.jpg,6
.\Database\cifar10\7\7_1470.jpg,6
.\Database\cifar10\7\7_1472.jpg,6
.\Database\cifar10\7\7_1473.jpg,6
.\Database\cifar10\7\7_1476.jpg,6
.\Database\cifar10\7\7_1477.jpg,6
.\Database\cifar10\7\7_1478.jpg,6
.\Database\cifar10\7\7_1486.jpg,6
.\Database\cifar10\7\7_1494.jpg,6
.\Database\cifar10\7\7_1520.jpg,6
.\Database\cifar10\7\7_1521.jpg,6
.\Database\cifar10\7\7_1531.jpg,6
.\Database\cifar10\7\7_1560.jpg,6
.\Database\cifar10\7\7_1566.jpg,6
.\Database\cifar10\7\7_1576.jpg,6
.\Database\cifar10\7\7_1584.jpg,6
.\Database\cifar10\7\7_1585.jpg,6
.\Database\cifar10\7\7_1602.jpg,6
.\Database\cifar10\7\7_1615.jpg,6
.\Database\cifar10\8\8_1856.jpg,7
.\Database\cifar10\8\8_1.jpg,7
.\Database\cifar10\8\8_2.jpg,7
.\Database\cifar10\8\8_15.jpg,7
.\Database\cifar10\8\8_18.jpg,7
.\Database\cifar10\8\8_51.jpg,7
.\Database\cifar10\8\8_54.jpg,7
.\Database\cifar10\8\8_55.jpg,7
.\Database\cifar10\8\8_72.jpg,7
.\Database\cifar10\8\8_73.jpg,7
.\Database\cifar10\8\8_79.jpg,7
.\Database\cifar10\8\8_80.jpg,7
.\Database\cifar10\8\8_88.jpg,7
.\Database\cifar10\8\8_92.jpg,7
.\Database\cifar10\8\8_108.jpg,7
.\Database\cifar10\8\8_120.jpg,7
.\Database\cifar10\8\8_124.jpg,7
.\Database\cifar10\8\8_126.jpg,7
.\Database\cifar10\8\8_132.jpg,7
.\Database\cifar10\8\8_144.jpg,7
.\Database\cifar10\8\8_150.jpg,7
.\Database\cifar10\8\8_164.jpg,7
.\Database\cifar10\8\8_166.jpg,7
.\Database\cifar10\8\8_173.jpg,7
.\Database\cifar10\8\8_185.jpg,7
.\Database\cifar10\8\8_191.jpg,7
.\Database\cifar10\8\8_196.jpg,7
.\Database\cifar10\8\8_197.jpg,7
.\Database\cifar10\8\8_199.jpg,7
.\Database\cifar10\8\8_202.jpg,7
.\Database\cifar10\8\8_214.jpg,7
.\Database\cifar10\8\8_218.jpg,7
.\Database\cifar10\8\8_233.jpg,7
.\Database\cifar10\8\8_234.jpg,7
.\Database\cifar10\8\8_242.jpg,7
.\Database\cifar10\8\8_260.jpg,7
.\Database\cifar10\8\8_265.jpg,7
.\Database\cifar10\8\8_274.jpg,7
.\Database\cifar10\8\8_306.jpg,7
.\Database\cifar10\8\8_310.jpg,7
.\Database\cifar10\8\8_312.jpg,7
.\Database\cifar10\8\8_337.jpg,7
.\Database\cifar10\8\8_344.jpg,7
.\Database\cifar10\8\8_348.jpg,7
.\Database\cifar10\8\8_358.jpg,7
.\Database\cifar10\8\8_362.jpg,7
.\Database\cifar10\8\8_368.jpg,7
.\Database\cifar10\8\8_385.jpg,7
.\Database\cifar10\8\8_401.jpg,7
.\Database\cifar10\8\8_403.jpg,7
.\Database\cifar10\8\8_404.jpg,7
.\Database\cifar10\8\8_408.jpg,7
.\Database\cifar10\8\8_469.jpg,7
.\Database\cifar10\8\8_472.jpg,7
.\Database\cifar10\8\8_480.jpg,7
.\Database\cifar10\8\8_482.jpg,7
.\Database\cifar10\8\8_492.jpg,7
.\Database\cifar10\8\8_495.jpg,7
.\Database\cifar10\8\8_516.jpg,7
.\Database\cifar10\8\8_519.jpg,7
.\Database\cifar10\8\8_552.jpg,7
.\Database\cifar10\8\8_576.jpg,7
.\Database\cifar10\8\8_582.jpg,7
.\Database\cifar10\8\8_588.jpg,7
.\Database\cifar10\8\8_600.jpg,7
.\Database\cifar10\8\8_612.jpg,7
.\Database\cifar10\8\8_613.jpg,7
.\Database\cifar10\8\8_615.jpg,7
.\Database\cifar10\8\8_633.jpg,7
.\Database\cifar10\8\8_636.jpg,7
.\Database\cifar10\8\8_665.jpg,7
.\Database\cifar10\8\8_683.jpg,7
.\Database\cifar10\8\8_694.jpg,7
.\Database\cifar10\8\8_696.jpg,7
.\Database\cifar10\8\8_703.jpg,7
.\Database\cifar10\8\8_708.jpg,7
.\Database\cifar10\8\8_709.jpg,7
.\Database\cifar10\8\8_711.jpg,7
.\Database\cifar10\8\8_712.jpg,7
.\Database\cifar10\8\8_717.jpg,7
.\Database\cifar10\8\8_721.jpg,7
.\Database\cifar10\8\8_722.jpg,7
.\Database\cifar10\8\8_724.jpg,7
.\Database\cifar10\8\8_757.jpg,7
.\Database\cifar10\8\8_789.jpg,7
.\Database\cifar10\8\8_806.jpg,7
.\Database\cifar10\8\8_815.jpg,7
.\Database\cifar10\8\8_818.jpg,7
.\Database\cifar10\8\8_823.jpg,7
.\Database\cifar10\8\8_852.jpg,7
.\Database\cifar10\8\8_859.jpg,7
.\Database\cifar10\8\8_875.jpg,7
.\Database\cifar10\8\8_880.jpg,7
.\Database\cifar10\8\8_904.jpg,7
.\Database\cifar10\8\8_908.jpg,7
.\Database\cifar10\8\8_909.jpg,7
.\Database\cifar10\8\8_917.jpg,7
.\Database\cifar10\8\8_918.jpg,7
.\Database\cifar10\8\8_926.jpg,7
.\Database\cifar10\8\8_939.jpg,7
.\Database\cifar10\8\8_949.jpg,7
.\Database\cifar10\8\8_959.jpg,7
.\Database\cifar10\8\8_977.jpg,7
.\Database\cifar10\8\8_985.jpg,7
.\Database\cifar10\8\8_992.jpg,7
.\Database\cifar10\8\8_996.jpg,7
.\Database\cifar10\8\8_999.jpg,7
.\Database\cifar10\8\8_1002.jpg,7
.\Database\cifar10\8\8_1004.jpg,7
.\Database\cifar10\8\8_1007.jpg,7
.\Database\cifar10\8\8_1011.jpg,7
.\Database\cifar10\8\8_1044.jpg,7
.\Database\cifar10\8\8_1059.jpg,7
.\Database\cifar10\8\8_1075.jpg,7
.\Database\cifar10\8\8_1091.jpg,7
.\Database\cifar10\8\8_1101.jpg,7
.\Database\cifar10\8\8_1102.jpg,7
.\Database\cifar10\8\8_1111.jpg,7
.\Database\cifar10\8\8_1113.jpg,7
.\Database\cifar10\8\8_1122.jpg,7
.\Database\cifar10\8\8_1127.jpg,7
.\Database\cifar10\8\8_1139.jpg,7
.\Database\cifar10\8\8_1142.jpg,7
.\Database\cifar10\8\8_1153.jpg,7
.\Database\cifar10\8\8_1159.jpg,7
.\Database\cifar10\8\8_1160.jpg,7
.\Database\cifar10\8\8_1164.jpg,7
.\Database\cifar10\8\8_1200.jpg,7
.\Database\cifar10\8\8_1205.jpg,7
.\Database\cifar10\8\8_1213.jpg,7
.\Database\cifar10\8\8_1216.jpg,7
.\Database\cifar10\8\8_1218.jpg,7
.\Database\cifar10\8\8_1223.jpg,7
.\Database\cifar10\8\8_1242.jpg,7
.\Database\cifar10\8\8_1243.jpg,7
.\Database\cifar10\8\8_1253.jpg,7
.\Database\cifar10\8\8_1259.jpg,7
.\Database\cifar10\8\8_1262.jpg,7
.\Database\cifar10\8\8_1263.jpg,7
.\Database\cifar10\8\8_1264.jpg,7
.\Database\cifar10\8\8_1271.jpg,7
.\Database\cifar10\8\8_1279.jpg,7
.\Database\cifar10\8\8_1281.jpg,7
.\Database\cifar10\8\8_1284.jpg,7
.\Database\cifar10\8\8_1286.jpg,7
.\Database\cifar10\8\8_1294.jpg,7
.\Database\cifar10\8\8_1311.jpg,7
.\Database\cifar10\8\8_1331.jpg,7
.\Database\cifar10\8\8_1347.jpg,7
.\Database\cifar10\8\8_1349.jpg,7
.\Database\cifar10\8\8_1358.jpg,7
.\Database\cifar10\8\8_1366.jpg,7
.\Database\cifar10\8\8_1369.jpg,7
.\Database\cifar10\8\8_1383.jpg,7
.\Database\cifar10\8\8_1407.jpg,7
.\Database\cifar10\8\8_1419.jpg,7
.\Database\cifar10\8\8_1422.jpg,7
.\Database\cifar10\8\8_1430.jpg,7
.\Database\cifar10\8\8_1447.jpg,7
.\Database\cifar10\8\8_1459.jpg,7
.\Database\cifar10\9\9_1927.jpg,8
.\Database\cifar10\9\9_11.jpg,8
.\Database\cifar10\9\9_14.jpg,8
.\Database\cifar10\9\9_23.jpg,8
.\Database\cifar10\9\9_28.jpg,8
.\Database\cifar10\9\9_34.jpg,8
.\Database\cifar10\9\9_38.jpg,8
.\Database\cifar10\9\9_45.jpg,8
.\Database\cifar10\9\9_47.jpg,8
.\Database\cifar10\9\9_50.jpg,8
.\Database\cifar10\9\9_76.jpg,8
.\Database\cifar10\9\9_89.jpg,8
.\Database\cifar10\9\9_133.jpg,8
.\Database\cifar10\9\9_136.jpg,8
.\Database\cifar10\9\9_139.jpg,8
.\Database\cifar10\9\9_151.jpg,8
.\Database\cifar10\9\9_157.jpg,8
.\Database\cifar10\9\9_170.jpg,8
.\Database\cifar10\9\9_171.jpg,8
.\Database\cifar10\9\9_172.jpg,8
.\Database\cifar10\9\9_174.jpg,8
.\Database\cifar10\9\9_175.jpg,8
.\Database\cifar10\9\9_209.jpg,8
.\Database\cifar10\9\9_213.jpg,8
.\Database\cifar10\9\9_217.jpg,8
.\Database\cifar10\9\9_222.jpg,8
.\Database\cifar10\9\9_225.jpg,8
.\Database\cifar10\9\9_243.jpg,8
.\Database\cifar10\9\9_247.jpg,8
.\Database\cifar10\9\9_252.jpg,8
.\Database\cifar10\9\9_253.jpg,8
.\Database\cifar10\9\9_259.jpg,8
.\Database\cifar10\9\9_280.jpg,8
.\Database\cifar10\9\9_285.jpg,8
.\Database\cifar10\9\9_289.jpg,8
.\Database\cifar10\9\9_293.jpg,8
.\Database\cifar10\9\9_331.jpg,8
.\Database\cifar10\9\9_335.jpg,8
.\Database\cifar10\9\9_349.jpg,8
.\Database\cifar10\9\9_350.jpg,8
.\Database\cifar10\9\9_360.jpg,8
.\Database\cifar10\9\9_364.jpg,8
.\Database\cifar10\9\9_372.jpg,8
.\Database\cifar10\9\9_381.jpg,8
.\Database\cifar10\9\9_383.jpg,8
.\Database\cifar10\9\9_394.jpg,8
.\Database\cifar10\9\9_400.jpg,8
.\Database\cifar10\9\9_411.jpg,8
.\Database\cifar10\9\9_415.jpg,8
.\Database\cifar10\9\9_425.jpg,8
.\Database\cifar10\9\9_442.jpg,8
.\Database\cifar10\9\9_443.jpg,8
.\Database\cifar10\9\9_451.jpg,8
.\Database\cifar10\9\9_454.jpg,8
.\Database\cifar10\9\9_485.jpg,8
.\Database\cifar10\9\9_486.jpg,8
.\Database\cifar10\9\9_487.jpg,8
.\Database\cifar10\9\9_504.jpg,8
.\Database\cifar10\9\9_507.jpg,8
.\Database\cifar10\9\9_508.jpg,8
.\Database\cifar10\9\9_517.jpg,8
.\Database\cifar10\9\9_530.jpg,8
.\Database\cifar10\9\9_532.jpg,8
.\Database\cifar10\9\9_538.jpg,8
.\Database\cifar10\9\9_545.jpg,8
.\Database\cifar10\9\9_554.jpg,8
.\Database\cifar10\9\9_566.jpg,8
.\Database\cifar10\9\9_568.jpg,8
.\Database\cifar10\9\9_577.jpg,8
.\Database\cifar10\9\9_585.jpg,8
.\Database\cifar10\9\9_589.jpg,8
.\Database\cifar10\9\9_591.jpg,8
.\Database\cifar10\9\9_609.jpg,8
.\Database\cifar10\9\9_611.jpg,8
.\Database\cifar10\9\9_625.jpg,8
.\Database\cifar10\9\9_626.jpg,8
.\Database\cifar10\9\9_644.jpg,8
.\Database\cifar10\9\9_651.jpg,8
.\Database\cifar10\9\9_654.jpg,8
.\Database\cifar10\9\9_660.jpg,8
.\Database\cifar10\9\9_666.jpg,8
.\Database\cifar10\9\9_680.jpg,8
.\Database\cifar10\9\9_684.jpg,8
.\Database\cifar10\9\9_686.jpg,8
.\Database\cifar10\9\9_707.jpg,8
.\Database\cifar10\9\9_719.jpg,8
.\Database\cifar10\9\9_733.jpg,8
.\Database\cifar10\9\9_734.jpg,8
.\Database\cifar10\9\9_744.jpg,8
.\Database\cifar10\9\9_750.jpg,8
.\Database\cifar10\9\9_752.jpg,8
.\Database\cifar10\9\9_780.jpg,8
.\Database\cifar10\9\9_787.jpg,8
.\Database\cifar10\9\9_816.jpg,8
.\Database\cifar10\9\9_838.jpg,8
.\Database\cifar10\9\9_851.jpg,8
.\Database\cifar10\9\9_853.jpg,8
.\Database\cifar10\9\9_884.jpg,8
.\Database\cifar10\9\9_921.jpg,8
.\Database\cifar10\9\9_922.jpg,8
.\Database\cifar10\9\9_923.jpg,8
.\Database\cifar10\9\9_938.jpg,8
.\Database\cifar10\9\9_940.jpg,8
.\Database\cifar10\9\9_951.jpg,8
.\Database\cifar10\9\9_960.jpg,8
.\Database\cifar10\9\9_967.jpg,8
.\Database\cifar10\9\9_969.jpg,8
.\Database\cifar10\9\9_970.jpg,8
.\Database\cifar10\9\9_979.jpg,8
.\Database\cifar10\9\9_981.jpg,8
.\Database\cifar10\9\9_1008.jpg,8
.\Database\cifar10\9\9_1060.jpg,8
.\Database\cifar10\9\9_1064.jpg,8
.\Database\cifar10\9\9_1066.jpg,8
.\Database\cifar10\9\9_1068.jpg,8
.\Database\cifar10\9\9_1082.jpg,8
.\Database\cifar10\9\9_1104.jpg,8
.\Database\cifar10\9\9_1106.jpg,8
.\Database\cifar10\9\9_1114.jpg,8
.\Database\cifar10\9\9_1136.jpg,8
.\Database\cifar10\9\9_1155.jpg,8
.\Database\cifar10\9\9_1171.jpg,8
.\Database\cifar10\9\9_1175.jpg,8
.\Database\cifar10\9\9_1177.jpg,8
.\Database\cifar10\9\9_1199.jpg,8
.\Database\cifar10\9\9_1220.jpg,8
.\Database\cifar10\9\9_1221.jpg,8
.\Database\cifar10\9\9_1222.jpg,8
.\Database\cifar10\9\9_1231.jpg,8
.\Database\cifar10\9\9_1256.jpg,8
.\Database\cifar10\9\9_1261.jpg,8
.\Database\cifar10\9\9_1265.jpg,8
.\Database\cifar10\9\9_1282.jpg,8
.\Database\cifar10\9\9_1285.jpg,8
.\Database\cifar10\9\9_1287.jpg,8
.\Database\cifar10\9\9_1291.jpg,8
.\Database\cifar10\9\9_1298.jpg,8
.\Database\cifar10\9\9_1305.jpg,8
.\Database\cifar10\9\9_1314.jpg,8
.\Database\cifar10\9\9_1317.jpg,8
.\Database\cifar10\9\9_1344.jpg,8
.\Database\cifar10\9\9_1357.jpg,8
.\Database\cifar10\9\9_1359.jpg,8
.\Database\cifar10\9\9_1361.jpg,8
.\Database\cifar10\9\9_1370.jpg,8
.\Database\cifar10\9\9_1376.jpg,8
.\Database\cifar10\9\9_1384.jpg,8
.\Database\cifar10\9\9_1387.jpg,8
.\Database\cifar10\9\9_1406.jpg,8
.\Database\cifar10\9\9_1417.jpg,8
.\Database\cifar10\9\9_1424.jpg,8
.\Database\cifar10\9\9_1427.jpg,8
.\Database\cifar10\9\9_1432.jpg,8
.\Database\cifar10\9\9_1439.jpg,8
.\Database\cifar10\9\9_1465.jpg,8
.\Database\cifar10\9\9_1475.jpg,8
.\Database\cifar10\9\9_1487.jpg,8
.\Database\cifar10\9\9_1492.jpg,8
.\Database\cifar10\9\9_1563.jpg,8
.\Database\cifar10\9\9_1582.jpg,8
.\Database\cifar10\1\1_2009.jpg,9
.\Database\cifar10\1\1_6.jpg,9
.\Database\cifar10\1\1_9.jpg,9
.\Database\cifar10\1\1_37.jpg,9
.\Database\cifar10\1\1_66.jpg,9
.\Database\cifar10\1\1_81.jpg,9
.\Database\cifar10\1\1_82.jpg,9
.\Database\cifar10\1\1_104.jpg,9
.\Database\cifar10\1\1_105.jpg,9
.\Database\cifar10\1\1_114.jpg,9
.\Database\cifar10\1\1_122.jpg,9
.\Database\cifar10\1\1_131.jpg,9
.\Database\cifar10\1\1_134.jpg,9
.\Database\cifar10\1\1_161.jpg,9
.\Database\cifar10\1\1_193.jpg,9
.\Database\cifar10\1\1_201.jpg,9
.\Database\cifar10\1\1_204.jpg,9
.\Database\cifar10\1\1_231.jpg,9
.\Database\cifar10\1\1_240.jpg,9
.\Database\cifar10\1\1_241.jpg,9
.\Database\cifar10\1\1_246.jpg,9
.\Database\cifar10\1\1_261.jpg,9
.\Database\cifar10\1\1_283.jpg,9
.\Database\cifar10\1\1_286.jpg,9
.\Database\cifar10\1\1_290.jpg,9
.\Database\cifar10\1\1_305.jpg,9
.\Database\cifar10\1\1_308.jpg,9
.\Database\cifar10\1\1_325.jpg,9
.\Database\cifar10\1\1_330.jpg,9
.\Database\cifar10\1\1_351.jpg,9
.\Database\cifar10\1\1_363.jpg,9
.\Database\cifar10\1\1_366.jpg,9
.\Database\cifar10\1\1_369.jpg,9
.\Database\cifar10\1\1_390.jpg,9
.\Database\cifar10\1\1_407.jpg,9
.\Database\cifar10\1\1_414.jpg,9
.\Database\cifar10\1\1_439.jpg,9
.\Database\cifar10\1\1_440.jpg,9
.\Database\cifar10\1\1_462.jpg,9
.\Database\cifar10\1\1_490.jpg,9
.\Database\cifar10\1\1_493.jpg,9
.\Database\cifar10\1\1_494.jpg,9
.\Database\cifar10\1\1_513.jpg,9
.\Database\cifar10\1\1_540.jpg,9
.\Database\cifar10\1\1_546.jpg,9
.\Database\cifar10\1\1_572.jpg,9
.\Database\cifar10\1\1_594.jpg,9
.\Database\cifar10\1\1_604.jpg,9
.\Database\cifar10\1\1_619.jpg,9
.\Database\cifar10\1\1_622.jpg,9
.\Database\cifar10\1\1_629.jpg,9
.\Database\cifar10\1\1_645.jpg,9
.\Database\cifar10\1\1_656.jpg,9
.\Database\cifar10\1\1_657.jpg,9
.\Database\cifar10\1\1_659.jpg,9
.\Database\cifar10\1\1_668.jpg,9
.\Database\cifar10\1\1_677.jpg,9
.\Database\cifar10\1\1_723.jpg,9
.\Database\cifar10\1\1_726.jpg,9
.\Database\cifar10\1\1_736.jpg,9
.\Database\cifar10\1\1_738.jpg,9
.\Database\cifar10\1\1_753.jpg,9
.\Database\cifar10\1\1_759.jpg,9
.\Database\cifar10\1\1_764.jpg,9
.\Database\cifar10\1\1_771.jpg,9
.\Database\cifar10\1\1_781.jpg,9
.\Database\cifar10\1\1_796.jpg,9
.\Database\cifar10\1\1_801.jpg,9
.\Database\cifar10\1\1_830.jpg,9
.\Database\cifar10\1\1_836.jpg,9
.\Database\cifar10\1\1_844.jpg,9
.\Database\cifar10\1\1_865.jpg,9
.\Database\cifar10\1\1_869.jpg,9
.\Database\cifar10\1\1_871.jpg,9
.\Database\cifar10\1\1_887.jpg,9
.\Database\cifar10\1\1_894.jpg,9
.\Database\cifar10\1\1_895.jpg,9
.\Database\cifar10\1\1_906.jpg,9
.\Database\cifar10\1\1_915.jpg,9
.\Database\cifar10\1\1_941.jpg,9
.\Database\cifar10\1\1_947.jpg,9
.\Database\cifar10\1\1_953.jpg,9
.\Database\cifar10\1\1_961.jpg,9
.\Database\cifar10\1\1_962.jpg,9
.\Database\cifar10\1\1_968.jpg,9
.\Database\cifar10\1\1_973.jpg,9
.\Database\cifar10\1\1_978.jpg,9
.\Database\cifar10\1\1_987.jpg,9
.\Database\cifar10\1\1_990.jpg,9
.\Database\cifar10\1\1_997.jpg,9
.\Database\cifar10\1\1_1005.jpg,9
.\Database\cifar10\1\1_1006.jpg,9
.\Database\cifar10\1\1_1013.jpg,9
.\Database\cifar10\1\1_1016.jpg,9
.\Database\cifar10\1\1_1020.jpg,9
.\Database\cifar10\1\1_1021.jpg,9
.\Database\cifar10\1\1_1047.jpg,9
.\Database\cifar10\1\1_1048.jpg,9
.\Database\cifar10\1\1_1054.jpg,9
.\Database\cifar10\1\1_1061.jpg,9
.\Database\cifar10\1\1_1098.jpg,9
.\Database\cifar10\1\1_1115.jpg,9
.\Database\cifar10\1\1_1131.jpg,9
.\Database\cifar10\1\1_1134.jpg,9
.\Database\cifar10\1\1_1141.jpg,9
.\Database\cifar10\1\1_1144.jpg,9
.\Database\cifar10\1\1_1156.jpg,9
.\Database\cifar10\1\1_1158.jpg,9
.\Database\cifar10\1\1_1174.jpg,9
.\Database\cifar10\1\1_1176.jpg,9
.\Database\cifar10\1\1_1182.jpg,9
.\Database\cifar10\1\1_1185.jpg,9
.\Database\cifar10\1\1_1187.jpg,9
.\Database\cifar10\1\1_1190.jpg,9
.\Database\cifar10\1\1_1191.jpg,9
.\Database\cifar10\1\1_1206.jpg,9
.\Database\cifar10\1\1_1212.jpg,9
.\Database\cifar10\1\1_1229.jpg,9
.\Database\cifar10\1\1_1232.jpg,9
.\Database\cifar10\1\1_1234.jpg,9
.\Database\cifar10\1\1_1238.jpg,9
.\Database\cifar10\1\1_1258.jpg,9
.\Database\cifar10\1\1_1260.jpg,9
.\Database\cifar10\1\1_1270.jpg,9
.\Database\cifar10\1\1_1288.jpg,9
.\Database\cifar10\1\1_1301.jpg,9
.\Database\cifar10\1\1_1306.jpg,9
.\Database\cifar10\1\1_1313.jpg,9
.\Database\cifar10\1\1_1332.jpg,9
.\Database\cifar10\1\1_1335.jpg,9
.\Database\cifar10\1\1_1340.jpg,9
.\Database\cifar10\1\1_1354.jpg,9
.\Database\cifar10\1\1_1363.jpg,9
.\Database\cifar10\1\1_1371.jpg,9
.\Database\cifar10\1\1_1372.jpg,9
.\Database\cifar10\1\1_1378.jpg,9
.\Database\cifar10\1\1_1396.jpg,9
.\Database\cifar10\1\1_1404.jpg,9
.\Database\cifar10\1\1_1405.jpg,9
.\Database\cifar10\1\1_1408.jpg,9
.\Database\cifar10\1\1_1410.jpg,9
.\Database\cifar10\1\1_1412.jpg,9
.\Database\cifar10\1\1_1413.jpg,9
.\Database\cifar10\1\1_1414.jpg,9
.\Database\cifar10\1\1_1435.jpg,9
.\Database\cifar10\1\1_1437.jpg,9
.\Database\cifar10\1\1_1444.jpg,9
.\Database\cifar10\1\1_1457.jpg,9
.\Database\cifar10\1\1_1458.jpg,9
.\Database\cifar10\1\1_1464.jpg,9
.\Database\cifar10\1\1_1467.jpg,9
.\Database\cifar10\1\1_1480.jpg,9
.\Database\cifar10\1\1_1493.jpg,9
.\Database\cifar10\1\1_1500.jpg,9
.\Database\cifar10\1\1_1504.jpg,9
.\Database\cifar10\1\1_1509.jpg,9
.\Database\cifar10\1\1_1511.jpg,9
.\Database\cifar10\1\1_1517.jpg,9
.\Database\cifar10\1\1_1545.jpg,9
.\Database\cifar10\1\1_1549.jpg,9
